{
    "envs": [
        {
            "name": "Env-NewManualEnv",
            "containers": [
                {
                    "name": "Surface-0",
                    "id": 0,
                    "position": {
                        "x": -0.21317137777805329,
                        "y": -0.06763887405395508,
                        "z": -0.13588762283325196
                    },
                    "rotation": {
                        "x": -0.6231547594070435,
                        "y": -0.6855306625366211,
                        "z": -0.31214550137519839,
                        "w": -0.21045467257499696
                    },
                    "scale": {
                        "x": 0.209306001663208,
                        "y": 0.2048237919807434,
                        "z": 0.0010000000474974514
                    }
                },
                {
                    "name": "Surface-1",
                    "id": 0,
                    "position": {
                        "x": -0.026823580265045167,
                        "y": 0.10822796821594238,
                        "z": 0.02041769027709961
                    },
                    "rotation": {
                        "x": -0.6486595273017883,
                        "y": -0.7145297527313232,
                        "z": -0.22229593992233277,
                        "w": -0.13882584869861604
                    },
                    "scale": {
                        "x": 0.5233917236328125,
                        "y": 0.23639041185379029,
                        "z": 0.0010000000474974514
                    }
                },
                {
                    "name": "Surface-2",
                    "id": 0,
                    "position": {
                        "x": 0.23999495804309846,
                        "y": -0.040589094161987308,
                        "z": 0.11546993255615235
                    },
                    "rotation": {
                        "x": -0.6598155498504639,
                        "y": -0.7417740225791931,
                        "z": -0.11874847114086151,
                        "w": 0.01771053671836853
                    },
                    "scale": {
                        "x": 0.17712123692035676,
                        "y": 0.20535391569137574,
                        "z": 0.0010000000474974514
                    }
                }
            ]
        }
    ]
}