{
    "envs": [
        {
            "name": "Env-NewAutomaticEnv",
            "containers": [
                {
                    "name": "keyboard plane",
                    "id": 0,
                    "position": {
                        "x": -0.025102689862251283,
                        "y": 0.8223597407341003,
                        "z": -0.05816620588302612
                    },
                    "rotation": {
                        "x": -0.7615212798118591,
                        "y": 0.02281363308429718,
                        "z": 0.03767475485801697,
                        "w": 0.6466417908668518
                    },
                    "scale": {
                        "x": 0.3153422474861145,
                        "y": 0.10732273012399674,
                        "z": 0.0010000000474974514
                    }
                },
                {
                    "name": "book plane",
                    "id": 0,
                    "position": {
                        "x": 0.5292445421218872,
                        "y": 0.826568067073822,
                        "z": -0.13164055347442628
                    },
                    "rotation": {
                        "x": -0.6931217312812805,
                        "y": -0.2264222800731659,
                        "z": -0.19576974213123322,
                        "w": 0.6557358503341675
                    },
                    "scale": {
                        "x": 0.3919752240180969,
                        "y": 0.22428034245967866,
                        "z": 0.0010000000474974514
                    }
                },
                {
                    "name": "book plane",
                    "id": 0,
                    "position": {
                        "x": -0.48118042945861819,
                        "y": 0.8157471418380737,
                        "z": 0.018580377101898195
                    },
                    "rotation": {
                        "x": 0.6022830605506897,
                        "y": 0.31500232219696047,
                        "z": -0.31011754274368288,
                        "w": 0.6647223234176636
                    },
                    "scale": {
                        "x": 0.30075693130493166,
                        "y": 0.2329014241695404,
                        "z": 0.0010000000474974514
                    }
                }
            ]
        },
        {
            "name": "Env-NewAutomaticEnv",
            "containers": [
                {
                    "name": "book plane",
                    "id": 0,
                    "position": {
                        "x": -0.020575016736984254,
                        "y": 0.7746079564094544,
                        "z": 0.775672435760498
                    },
                    "rotation": {
                        "x": -0.7329136729240418,
                        "y": -0.03357486426830292,
                        "z": -0.009097876027226448,
                        "w": 0.6794317960739136
                    },
                    "scale": {
                        "x": 0.23984354734420777,
                        "y": 0.303279310464859,
                        "z": 0.0010000000474974514
                    }
                },
                {
                    "name": "book plane",
                    "id": 0,
                    "position": {
                        "x": 0.8639518022537231,
                        "y": 0.7398067116737366,
                        "z": 0.31110113859176638
                    },
                    "rotation": {
                        "x": -0.7275532484054565,
                        "y": 0.14312602579593659,
                        "z": 0.10440528392791748,
                        "w": 0.662782609462738
                    },
                    "scale": {
                        "x": 0.2468457818031311,
                        "y": 0.2239128202199936,
                        "z": 0.0010000000474974514
                    }
                },
                {
                    "name": "keyboard plane",
                    "id": 0,
                    "position": {
                        "x": 0.09704349935054779,
                        "y": 0.8024812340736389,
                        "z": 0.7490793466567993
                    },
                    "rotation": {
                        "x": 0.0,
                        "y": 0.699432909488678,
                        "z": 0.0,
                        "w": 0.714698314666748
                    },
                    "scale": {
                        "x": 0.3321768343448639,
                        "y": 0.10401023179292679,
                        "z": 0.0010000000474974514
                    }
                }
            ]
        },
        {
            "name": "Env-NewManualEnv",
            "containers": [
                {
                    "name": "Surface-0",
                    "id": 0,
                    "position": {
                        "x": -0.30109041929244997,
                        "y": 0.8519301414489746,
                        "z": 0.8463494181632996
                    },
                    "rotation": {
                        "x": -0.5283535718917847,
                        "y": -0.47219786047935488,
                        "z": -0.4639175832271576,
                        "w": 0.5316504836082459
                    },
                    "scale": {
                        "x": 0.28449562191963198,
                        "y": 0.2104344367980957,
                        "z": 0.0010000000474974514
                    }
                },
                {
                    "name": "Surface-1",
                    "id": 0,
                    "position": {
                        "x": 0.13351696729660035,
                        "y": 0.8294850587844849,
                        "z": 0.2659185826778412
                    },
                    "rotation": {
                        "x": -0.5944417715072632,
                        "y": -0.4492359459400177,
                        "z": -0.3741771876811981,
                        "w": 0.5521028637886047
                    },
                    "scale": {
                        "x": 0.16104654967784882,
                        "y": 0.36267685890197756,
                        "z": 0.0010000000474974514
                    }
                },
                {
                    "name": "Surface-2",
                    "id": 0,
                    "position": {
                        "x": 0.5873392820358276,
                        "y": 0.8571798205375671,
                        "z": 0.4574972987174988
                    },
                    "rotation": {
                        "x": -0.6581045389175415,
                        "y": -0.27272742986679079,
                        "z": -0.2461593747138977,
                        "w": 0.6572090983390808
                    },
                    "scale": {
                        "x": 0.2871306240558624,
                        "y": 0.20667757093906403,
                        "z": 0.0010000000474974514
                    }
                }
            ]
        }
    ]
}