{
    "envs": [
        {
            "name": "Env-MyRoom",
            "containers": [
                {
                    "name": "tv plane",
                    "id": 0,
                    "position": {
                        "x": -0.787163496017456,
                        "y": 0.8709732294082642,
                        "z": 0.45313072204589846
                    },
                    "rotation": {
                        "x": 0.6825910806655884,
                        "y": 0.6949912905693054,
                        "z": 0.1472645401954651,
                        "w": 0.1713758409023285
                    },
                    "scale": {
                        "x": 0.33154410123825076,
                        "y": 0.6071810126304627,
                        "z": 0.0010000000474974514
                    }
                },
                {
                    "name": "tv plane",
                    "id": 0,
                    "position": {
                        "x": -0.2087535858154297,
                        "y": 0.9160484075546265,
                        "z": 0.6434109807014465
                    },
                    "rotation": {
                        "x": 0.6998893022537231,
                        "y": 0.7076915502548218,
                        "z": 0.05381792038679123,
                        "w": 0.0801953673362732
                    },
                    "scale": {
                        "x": 0.3555262088775635,
                        "y": 0.6211721301078796,
                        "z": 0.0010000000474974514
                    }
                },
                {
                    "name": "keyboard plane - main",
                    "id": 0,
                    "position": {
                        "x": -0.23786672949790955,
                        "y": 0.5930348634719849,
                        "z": 0.22858837246894837
                    },
                    "rotation": {
                        "x": 0.4209951162338257,
                        "y": 0.6332941651344299,
                        "z": 0.568901002407074,
                        "w": -0.3131347596645355
                    },
                    "scale": {
                        "x": 0.14738577604293824,
                        "y": 0.3660258948802948,
                        "z": 0.0010000000474974514
                    }
                }
            ]
        },
        {
            "name": "Env-SimilarRoom",
            "containers": [
                {
                    "name": "tv plane",
                    "id": 0,
                    "position": {
                        "x": -0.787163496017456,
                        "y": 0.8709732294082642,
                        "z": 0.45313072204589846
                    },
                    "rotation": {
                        "x": 0.6825910806655884,
                        "y": 0.6949912905693054,
                        "z": 0.1472645401954651,
                        "w": 0.1713758409023285
                    },
                    "scale": {
                        "x": 0.1740937978029251,
                        "y": 0.3031654953956604,
                        "z": 0.0010000000474974514
                    }
                },
                {
                    "name": "tv plane",
                    "id": 0,
                    "position": {
                        "x": -0.2087535858154297,
                        "y": 0.9160484075546265,
                        "z": 0.6434109807014465
                    },
                    "rotation": {
                        "x": 0.6998893022537231,
                        "y": 0.7076915502548218,
                        "z": 0.05381792038679123,
                        "w": 0.0801953673362732
                    },
                    "scale": {
                        "x": 0.5460882782936096,
                        "y": 0.2910812497138977,
                        "z": 0.0010000000474974514
                    }
                },
                {
                    "name": "keyboard plane - main",
                    "id": 0,
                    "position": {
                        "x": -0.23786672949790955,
                        "y": 0.5930348634719849,
                        "z": 0.22858837246894837
                    },
                    "rotation": {
                        "x": 0.4209951162338257,
                        "y": 0.6332941651344299,
                        "z": 0.568901002407074,
                        "w": -0.3131347596645355
                    },
                    "scale": {
                        "x": 0.14738577604293824,
                        "y": 0.3660258948802948,
                        "z": 0.0010000000474974514
                    }
                }
            ]
        },
        {
            "name": "Env-OtherRoom",
            "containers": [
                {
                    "name": "tv plane",
                    "id": 0,
                    "position": {
                        "x": -0.787163496017456,
                        "y": 0.8709732294082642,
                        "z": 0.45313072204589846
                    },
                    "rotation": {
                        "x": 0.6825910806655884,
                        "y": 0.6949912905693054,
                        "z": 0.1472645401954651,
                        "w": 0.1713758409023285
                    },
                    "scale": {
                        "x": 0.3197058439254761,
                        "y": 0.5306002497673035,
                        "z": 0.0010000000474974514
                    }
                },
                {
                    "name": "tv plane",
                    "id": 0,
                    "position": {
                        "x": -0.2087535858154297,
                        "y": 0.9160484075546265,
                        "z": 0.6434109807014465
                    },
                    "rotation": {
                        "x": 0.6998893022537231,
                        "y": 0.7076915502548218,
                        "z": 0.05381792038679123,
                        "w": 0.0801953673362732
                    },
                    "scale": {
                        "x": 0.6773355007171631,
                        "y": 0.41912031173706057,
                        "z": 0.0010000000474974514
                    }
                },
                {
                    "name": "tv plane",
                    "id": 0,
                    "position": {
                        "x": -0.787163496017456,
                        "y": 0.8709732294082642,
                        "z": 0.45313072204589846
                    },
                    "rotation": {
                        "x": 0.6825910806655884,
                        "y": 0.6949912905693054,
                        "z": 0.1472645401954651,
                        "w": 0.1713758409023285
                    },
                    "scale": {
                        "x": 0.1740937978029251,
                        "y": 0.3031654953956604,
                        "z": 0.0010000000474974514
                    }
                }
            ]
        },
        {
            "name": "Env-VerySimilarRoom",
            "containers": [
                {
                    "name": "tv plane",
                    "id": 0,
                    "position": {
                        "x": -0.787163496017456,
                        "y": 0.8709732294082642,
                        "z": 0.45313072204589846
                    },
                    "rotation": {
                        "x": 0.6825910806655884,
                        "y": 0.6949912905693054,
                        "z": 0.1472645401954651,
                        "w": 0.1713758409023285
                    },
                    "scale": {
                        "x": 0.33154410123825076,
                        "y": 0.6071810126304627,