{
    "envs": [
        {
            "name": "Env-NewAutomaticEnv",
            "containers": [
                {
                    "name": "keyboard plane",
                    "id": 0,
                    "position": {
                        "x": 0.35538238286972048,
                        "y": 0.824481189250946,
                        "z": 0.5476362109184265
                    },
                    "rotation": {
                        "x": -0.7446008324623108,
                        "y": 0.13023002445697785,
                        "z": 0.16402320563793183,
                        "w": 0.6338029503822327
                    },
                    "scale": {
                        "x": 0.3153422474861145,
                        "y": 0.10732273012399674,
                        "z": 0.0010000000474974514
                    }
                },
                {
                    "name": "book plane",
                    "id": 0,
                    "position": {
                        "x": 0.8548139333724976,
                        "y": 0.8286895155906677,
                        "z": 0.2961059808731079
                    },
                    "rotation": {
                        "x": -0.7160508632659912,
                        "y": -0.11400726437568665,
                        "z": -0.0775543749332428,
                        "w": 0.6842944622039795
                    },
                    "scale": {
                        "x": 0.3919752240180969,
                        "y": 0.22428034245967866,
                        "z": 0.0010000000474974514
                    }
                },
                {
                    "name": "book plane",
                    "id": 0,
                    "position": {
                        "x": -0.05016008019447327,
                        "y": 0.8178685903549194,
                        "z": 0.7699698805809021
                    },
                    "rotation": {
                        "x": 0.5421972870826721,
                        "y": 0.4213472604751587,
                        "z": -0.4061278998851776,
                        "w": 0.6029500365257263
                    },
                    "scale": {
                        "x": 0.30075693130493166,
                        "y": 0.2329014241695404,
                        "z": 0.0010000000474974514
                    }
                }
            ]
        },
        {
            "name": "Env-NewAutomaticEnv",
            "containers": [
                {
                    "name": "book plane",
                    "id": 0,
                    "position": {
                        "x": -0.020575016736984254,
                        "y": 0.7746079564094544,
                        "z": 0.775672435760498
                    },
                    "rotation": {
                        "x": -0.7329136729240418,
                        "y": -0.03357486426830292,
                        "z": -0.009097876027226448,
                        "w": 0.6794317960739136
                    },
                    "scale": {
                        "x": 0.23984354734420777,
                        "y": 0.303279310464859,
                        "z": 0.0010000000474974514
                    }
                },
                {
                    "name": "book plane",
                    "id": 0,
                    "position": {
                        "x": 0.8639518022537231,
                        "y": 0.7398067116737366,
                        "z": 0.31110113859176638
                    },
                    "rotation": {
                        "x": -0.7275532484054565,
                        "y": 0.14312602579593659,
                        "z": 0.10440528392791748,
                        "w": 0.662782609462738
                    },
                    "scale": {
                        "x": 0.2468457818031311,
                        "y": 0.2239128202199936,
                        "z": 0.0010000000474974514
                    }
                },
                {
                    "name": "keyboard plane",
                    "id": 0,
                    "position": {
                        "x": 0.37077468633651736,
                        "y": 0.7611707448959351,
                        "z": 0.5131913423538208
                    },
                    "rotation": {
                        "x": 0.8148048520088196,
                        "y": -0.11935047805309296,
                        "z": -0.18738433718681336,
                        "w": -0.5354770421981812
                    },
                    "scale": {
                        "x": 0.3321768343448639,
                        "y": 0.10401023179292679,
                        "z": 0.0010000000474974514
                    }
                }
            ]
        },
        {
            "name": "Env-NewManualEnv",
            "containers": [
                {
                    "name": "Surface-0",
                    "id": 0,
                    "position": {
                        "x": -0.24589619040489198,
                        "y": 0.7695956230163574,
                        "z": 0.6200383901596069
                    },
                    "rotation": {
                        "x": -0.5424604415893555,
                        "y": -0.45551493763923647,
                        "z": -0.4473406672477722,
                        "w": 0.5460120439529419
                    },
                    "scale": {
                        "x": 0.28449562191963198,
                        "y": 0.2104344367980957,
                        "z": 0.0010000000474974514
                    }
                },
                {
                    "name": "Surface-1",
                    "id": 0,
                    "position": {
                        "x": 0.22833263874053956,
                        "y": 0.7465541362762451,
                        "z": 0.23646286129951478
                    },
                    "rotation": {
                        "x": -0.605739176273346,
                        "y": -0.43193095922470095,
                        "z": -0.355597585439682,
                        "w": 0.5657438635826111
                    },
                    "scale": {
                        "x": 0.16104654967784882,
                        "y": 0.36267685890197756,
                        "z": 0.0010000000474974514
                    }
                },
                {
                    "name": "Surface-2",
                    "id": 0,
                    "position": {
                        "x": 0.6167696118354797,
                        "y": 0.77484530210495,
                        "z": 0.1769571453332901
                    },
                    "rotation": {
                        "x": -0.6654087901115418,
                        "y": -0.25225359201431277,
                        "z": -0.22567056119441987,
                        "w": 0.6653361320495606
                    },
                    "scale": {
                        "x": 0.2871306240558624,
                        "y": 0.20667757093906403,
                        "z": 0.0010000000474974514
                    }
                }
            ]
        }
    ]
}