{
    "envs": [
        {
            "name": "Env-NewAutomaticEnv",
            "containers": [
                {
                    "name": "keyboard plane",
                    "id": 0,
                    "position": {
                        "x": -0.70220947265625,
                        "y": 0.8536280393600464,
                        "z": 0.07908099889755249
                    },
                    "rotation": {
                        "x": -0.7266796827316284,
                        "y": 0.1871127188205719,
                        "z": 0.23080448806285859,
                        "w": 0.619398832321167
                    },
                    "scale": {
                        "x": 0.3153422474861145,
                        "y": 0.10732273012399674,
                        "z": 0.0010000000474974514
                    }
                },
                {
                    "name": "book plane",
                    "id": 0,
                    "position": {
                        "x": -0.6454656720161438,
                        "y": 1.0401750802993775,
                        "z": 0.47844165563583376
                    },
                    "rotation": {
                        "x": -0.7201324105262756,
                        "y": -0.05154607072472572,
                        "z": -0.012366160750389099,
                        "w": 0.6918089389801025
                    },
                    "scale": {
                        "x": 0.3919752240180969,
                        "y": 0.22428034245967866,
                        "z": 0.0010000000474974514
                    }
                },
                {
                    "name": "book plane",
                    "id": 0,
                    "position": {
                        "x": -0.6635695099830627,
                        "y": 1.0399314165115357,
                        "z": 0.49260270595550539
                    },
                    "rotation": {
                        "x": 0.5031754374504089,
                        "y": 0.4742378294467926,
                        "z": -0.4535771906375885,
                        "w": 0.5622996091842651
                    },
                    "scale": {
                        "x": 0.30075693130493166,
                        "y": 0.2329014241695404,
                        "z": 0.0010000000474974514
                    }
                }
            ]
        },
        {
            "name": "Env-NewAutomaticEnv",
            "containers": [
                {
                    "name": "book plane",
                    "id": 0,
                    "position": {
                        "x": -0.7936546802520752,
                        "y": 0.979297399520874,
                        "z": 0.16391436755657197
                    },
                    "rotation": {
                        "x": 0.5445853471755981,
                        "y": 0.4736713171005249,
                        "z": 0.49058330059051516,
                        "w": -0.48825228214263918
                    },
                    "scale": {
                        "x": 0.23984354734420777,
                        "y": 0.303279310464859,
                        "z": 0.0010000000474974514
                    }
                },
                {
                    "name": "book plane",
                    "id": 0,
                    "position": {
                        "x": -0.4489230513572693,
                        "y": 0.9584168195724487,
                        "z": 0.6543400883674622
                    },
                    "rotation": {
                        "x": 0.6154745221138,
                        "y": 0.32993844151496889,
                        "z": 0.4017776846885681,
                        "w": -0.5923736095428467
                    },
                    "scale": {
                        "x": 0.2468457818031311,
                        "y": 0.2239128202199936,
                        "z": 0.0010000000474974514
                    }
                },
                {
                    "name": "keyboard plane",
                    "id": 0,
                    "position": {
                        "x": -0.7687485218048096,
                        "y": 0.9960214495658875,
                        "z": 0.23184487223625184
                    },
                    "rotation": {
                        "x": 0.0,
                        "y": -0.05371244251728058,
                        "z": 0.0,
                        "w": -0.9985564351081848
                    },
                    "scale": {
                        "x": 0.3321768343448639,
                        "y": 0.10401023179292679,
                        "z": 0.0010000000474974514
                    }
                }
            ]
        },
        {
            "name": "Env-NewManualEnv",
            "containers": [
                {
                    "name": "Surface-0",
                    "id": 0,
                    "position": {
                        "x": -0.5713584423065186,
                        "y": 1.0022964477539063,
                        "z": 0.5470312833786011
                    },
                    "rotation": {
                        "x": 0.6960854530334473,
                        "y": -0.09632153809070587,
                        "z": -0.09920752048492432,
                        "w": -0.7045177817344666
                    },
                    "scale": {
                        "x": 0.28449562191963198,
                        "y": 0.2104344367980957,
                        "z": 0.0010000000474974514
                    }
                },
                {
                    "name": "Surface-1",
                    "id": 0,
                    "position": {
                        "x": -0.6673641204833984,
                        "y": 0.9989294409751892,
                        "z": 0.49591320753097536
                    },
                    "rotation": {
                        "x": 0.6709644794464111,
                        "y": -0.126793771982193,
                        "z": -0.20778894424438477,
                        "w": -0.7003955841064453
                    },
                    "scale": {
                        "x": 0.16104654967784882,
                        "y": 0.36267685890197756,
                        "z": 0.0010000000474974514
                    }
                },
                {
                    "name": "Surface-2",
                    "id": 0,
                    "position": {
                        "x": -0.6493694186210632,
                        "y": 1.0030837059020997,
                        "z": 0.4242474436759949
                    },
                    "rotation": {
                        "x": 0.6152039170265198,
                        "y": -0.3214699327945709,
                        "z": -0.3394410014152527,
                        "w": -0.6347922086715698
                    },
                    "scale": {
                        "x": 0.2871306240558624,
                        "y": 0.20667757093906403,
                        "z": 0.0010000000474974514
                    }
                }
            ]
        },
        {
            "name": "Env-NewManualEnv",
            "containers": [
                {
                    "name": "Surface-0",
                    "id": 0,
                    "position": {
                        "x": 0.10772949457168579,
                        "y": 0.7821115255355835,
                        "z": 0.41930705308914187
                    },
                    "rotation": {
                        "x": 0.4802091717720032,
                        "y": 0.5607436895370483,
                        "z": 0.5252562165260315,
                        "w": -0.4231685996055603
                    },
                    "scale": {
                        "x": 0.16715246438980103,
                        "y": 0.3801444470882416,