{
    "envs": [
        {
            "name": "Env-NewManualEnv",
            "containers": [
                {
                    "name": "Surface-0",
                    "id": 0,
                    "position": {
                        "x": -0.21317137777805329,
                        "y": -0.06763887405395508,
                        "z": -0.13588762283325196
                    },
                    "rotation": {
                        "x": -0.6231547594070435,
                        "y": -0.6855306625366211,
                        "z": -0.31214550137519839,
                        "w": -0.21045467257499696
                    },
                    "scale": {
                        "x": 0.209306001663208,
                        "y": 0.2048237919807434,
                        "z": 0.0010000000474974514
                    }
                },
                {
                    "name": "Surface-1",
                    "id": 0,
                    "position": {
                        "x": -0.026823580265045167,
                        "y": 0.10822796821594238,
                        "z": 0.02041769027709961
                    },
                    "rotation": {
                        "x": -0.6486595273017883,
                        "y": -0.7145297527313232,
                        "z": -0.22229593992233277,
                        "w": -0.13882584869861604
                    },
                    "scale": {
                        "x": 0.5233917236328125,
                        "y": 0.23639041185379029,
                        "z": 0.0010000000474974514
                    }
                },
                {
                    "name": "Surface-2",
                    "id": 0,
                    "position": {
                        "x": 0.23999495804309846,
                        "y": -0.040589094161987308,
                        "z": 0.11546993255615235
                    },
                    "rotation": {
                        "x": -0.6598155498504639,
                        "y": -0.7417740225791931,
                        "z": -0.11874847114086151,
                        "w": 0.01771053671836853
                    },
                    "scale": {
                        "x": 0.17712123692035676,
                        "y": 0.20535391569137574,
                        "z": 0.0010000000474974514
                    }
                }
            ]
        },
        {
            "name": "Env-NewAutomaticEnv",
            "containers": [
                {
                    "name": "keyboard plane",
                    "id": 0,
                    "position": {
                        "x": -0.12691186368465424,
                        "y": 0.7359924912452698,
                        "z": 0.9755946397781372
                    },
                    "rotation": {
                        "x": 0.15332314372062684,
                        "y": 0.7356124520301819,
                        "z": -0.5418323278427124,
                        "w": 0.37654250860214236
                    },
                    "scale": {
                        "x": 0.4360763430595398,
                        "y": 0.1612270623445511,
                        "z": 0.0010000000474974514
                    }
                },
                {
                    "name": "book plane",
                    "id": 0,
                    "position": {
                        "x": 0.1423923671245575,
                        "y": 0.8166865110397339,
                        "z": 0.7818379998207092
                    },
                    "rotation": {
                        "x": 0.17046523094177247,
                        "y": 0.7208279967308044,
                        "z": -0.5952304005622864,
                        "w": 0.31152790784835818
                    },
                    "scale": {
                        "x": 0.20271120965480805,
                        "y": 0.25964176654815676,
                        "z": 0.0010000000474974514
                    }
                }
            ]
        },
        {
            "name": "Env-NewAutomaticEnv",
            "containers": []
        },
        {
            "name": "Env-NewAutomaticEnv",
            "containers": [
                {
                    "name": "book plane",
                    "id": 0,
                    "position": {
                        "x": 0.36129024624824526,
                        "y": 0.0007172226905822754,
                        "z": -0.043956562876701358
                    },
                    "rotation": {
                        "x": -0.2039388120174408,
                        "y": 0.7425028085708618,
                        "z": -0.6045673489570618,
                        "w": -0.20395316183567048
                    },
                    "scale": {
                        "x": 0.2906455099582672,
                        "y": 0.12268393486738205,
                        "z": 0.0010000000474974514
                    }
                },
                {
                    "name": "keyboard plane",
                    "id": 0,
                    "position": {
                        "x": 0.020957976579666139,
                        "y": -0.014861881732940674,
                        "z": 0.1118684634566307
                    },
                    "rotation": {
                        "x": -0.09437283873558045,
                        "y": 0.7626140713691711,
                        "z": -0.6337122321128845,
                        "w": -0.08900810033082962
                    },
                    "scale": {
                        "x": 0.3612344563007355,
                        "y": 0.08201424032449722,
                        "z": 0.0010000000474974514
                    }
                },
                {
                    "name": "book plane",
                    "id": 0,
                    "position": {
                        "x": -0.3822482228279114,
                        "y": 0.014144659042358399,
                        "z": -0.06791190057992935
                    },
                    "rotation": {
                        "x": -0.3139204978942871,
                        "y": 0.679206907749176,
                        "z": -0.6193774342536926,
                        "w": -0.23770475387573243
                    },
                    "scale": {
                        "x": 0.13807940483093263,
                        "y": 0.10872852057218552,
                        "z": 0.0010000000474974514
                    }
                }
            ]
        }
    ]
}