{
    "envs": [
        {
            "name": "Env-NewManualEnv",
            "containers": [
                {
                    "name": "Surface-0",
                    "id": 0,
                    "position": {
                        "x": -0.15944980084896089,
                        "y": 0.007278382778167725,
                        "z": 0.005865111947059631
                    },
                    "rotation": {
                        "x": 0.5284161567687988,
                        "y": -0.4612361788749695,
                        "z": -0.532173216342926,
                        "w": -0.4741615653038025
                    },
                    "scale": {
                        "x": 0.4318188428878784,
                        "y": 0.19452501833438874,
                        "z": 0.0010000000474974514
                    }
                },
                {
                    "name": "Surface-1",
                    "id": 0,
                    "position": {
                        "x": 0.15944980084896089,
                        "y": -0.007278382778167725,
                        "z": -0.005865111947059631
                    },
                    "rotation": {
                        "x": 0.02267792820930481,
                        "y": 0.7075258493423462,
                        "z": -0.7061942219734192,
                        "w": 0.013516813516616822
                    },
                    "scale": {
                        "x": 0.25821295380592348,
                        "y": 0.21922510862350465,
                        "z": 0.0010000000474974514
                    }
                }
            ]
        },
        {
            "name": "Env-NewManualEnv",
            "containers": [
                {
                    "name": "Surface-0",
                    "id": 0,
                    "position": {
                        "x": -0.014608100056648255,
                        "y": 0.007056176662445068,
                        "z": -0.14909790456295014
                    },
                    "rotation": {
                        "x": -0.5292652249336243,
                        "y": -0.5304349660873413,
                        "z": -0.4387029707431793,
                        "w": 0.49604108929634097
                    },
                    "scale": {
                        "x": 0.16115733981132508,
                        "y": 0.3640306890010834,
                        "z": 0.0010000000474974514
                    }
                },
                {
                    "name": "Surface-1",
                    "id": 0,
                    "position": {
                        "x": -0.3875316083431244,
                        "y": -0.002730131149291992,
                        "z": 0.10068279504776001
                    },
                    "rotation": {
                        "x": 0.44875162839889529,
                        "y": 0.5447597503662109,
                        "z": 0.5459685325622559,
                        "w": -0.4514169692993164
                    },
                    "scale": {
                        "x": 0.2776678800582886,
                        "y": 0.20754876732826234,
                        "z": 0.0010000000474974514
                    }
                },
                {
                    "name": "Surface-2",
                    "id": 0,
                    "position": {
                        "x": 0.40213972330093386,
                        "y": -0.004326045513153076,
                        "z": 0.048415109515190127
                    },
                    "rotation": {
                        "x": -0.5839397311210632,
                        "y": -0.39853012561798098,
                        "z": -0.38506296277046206,
                        "w": 0.593224048614502
                    },
                    "scale": {
                        "x": 0.2627369463443756,
                        "y": 0.20286959409713746,
                        "z": 0.0010000000474974514
                    }
                }
            ]
        },
        {
            "name": "Env-NewAutomaticEnv",
            "containers": [
                {
                    "name": "keyboard plane",
                    "id": 0,
                    "position": {
                        "x": -0.03633589297533035,
                        "y": -0.004841148853302002,
                        "z": -0.15227629244327546
                    },
                    "rotation": {
                        "x": 0.6260110139846802,
                        "y": 0.13395510613918305,
                        "z": -0.1045498251914978,
                        "w": 0.7610752582550049
                    },
                    "scale": {
                        "x": 0.3238782584667206,
                        "y": 0.11434614658355713,
                        "z": 0.0010000000474974514
                    }
                },
                {
                    "name": "book plane",
                    "id": 0,
                    "position": {
                        "x": -0.3460632264614105,
                        "y": -0.0006494522094726563,
                        "z": 0.19059936702251435
                    },
                    "rotation": {
                        "x": -0.7233092188835144,
                        "y": -0.07728476077318192,
                        "z": -0.047103025019168857,
                        "w": 0.6845672130584717
                    },
                    "scale": {
                        "x": 0.2121172398328781,
                        "y": 0.28870248794555666,
                        "z": 0.0010000000474974514
                    }
                },
                {
                    "name": "book plane",
                    "id": 0,
                    "position": {
                        "x": 0.3823991119861603,
                        "y": 0.005490601062774658,
                        "z": -0.038323067128658298
                    },
                    "rotation": {
                        "x": -0.7181182503700256,
                        "y": 0.0016122208908200265,
                        "z": 0.08433105051517487,
                        "w": 0.6907907128334045
                    },
                    "scale": {
                        "x": 0.16881580650806428,
                        "y": 0.2798192501068115,
                        "z": 0.0010000000474974514
                    }
                }
            ]
        },
        {
            "name": "Env-NewAutomaticEnv",
            "containers": [
                {
                    "name": "keyboard plane",
                    "id": 0,
                    "position": {
                        "x": 0.064217209815979,
                        "y": 0.8019242882728577,
                        "z": 0.47773808240890505
                    },
                    "rotation": {
                        "x": 0.6390795707702637,
                        "y": 0.020465798676013948,
                        "z": -0.03503270074725151,
                        "w": 0.7680697441101074
                    },
                    "scale": {
                        "x": 0.2751180827617645,
                        "y": 0.1251775026321411,
                        "z": 0.0010000000474974514
                    }
                },
                {
                    "name": "book plane",
                    "id": 0,
                    "position": {
                        "x": -0.3762935698032379,
                        "y": 0.8033000230789185,
                        "z": 0.6363047361373901
                    },
                    "rotation": {
                        "x": -0.7024708986282349,
                        "y": -0.21473965048789979,
                        "z": -0.20720785856246949,
                        "w": 0.6461318731307983
                    },