{
    "envs": [
        {
            "name": "Env-MyRoom",
            "containers": [
                {
                    "name": "tv plane",
                    "id": 0,
                    "position": {
                        "x": -0.35127511620521548,
                        "y": 0.06451024860143662,
                        "z": 0.14107508957386018
                    },
                    "rotation": {
                        "x": -0.6898407936096191,
                        "y": -0.7219446301460266,
                        "z": -0.0396016389131546,
                        "w": -0.036707803606987
                    },
                    "scale": {
                        "x": 0.33154410123825076,
                        "y": 0.6071810126304627,
                        "z": 0.0010000000474974514
                    }
                },
                {
                    "name": "tv plane",
                    "id": 0,
                    "position": {
                        "x": 0.25609537959098818,
                        "y": 0.12479545921087265,
                        "z": 0.12485291063785553
                    },
                    "rotation": {
                        "x": -0.6892326474189758,
                        "y": -0.7202960252761841,
                        "z": 0.05656979978084564,
                        "w": 0.05414719879627228
                    },
                    "scale": {
                        "x": 0.3555262088775635,
                        "y": 0.6211721301078796,
                        "z": 0.0010000000474974514
                    }
                },
                {
                    "name": "keyboard plane - main",
                    "id": 0,
                    "position": {
                        "x": 0.0951797217130661,
                        "y": -0.18930570781230927,
                        "z": -0.2659280002117157
                    },
                    "rotation": {
                        "x": -0.49902695417404177,
                        "y": -0.5675642490386963,
                        "z": -0.4919739365577698,
                        "w": 0.43220895528793337
                    },
                    "scale": {
                        "x": 0.14738577604293824,
                        "y": 0.3660258948802948,
                        "z": 0.0010000000474974514
                    }
                }
            ]
        },
        {
            "name": "Env-NewManualEnv",
            "containers": [
                {
                    "name": "Surface-0",
                    "id": 0,
                    "position": {
                        "x": 0.005275881849229336,
                        "y": -0.23369061946868897,
                        "z": -0.01676975190639496
                    },
                    "rotation": {
                        "x": 0.6355518102645874,
                        "y": -0.14280559122562409,
                        "z": -0.274698406457901,
                        "w": -0.7072632312774658
                    },
                    "scale": {
                        "x": 0.14711765944957734,
                        "y": 0.35652345418930056,
                        "z": 0.0010000000474974514
                    }
                },
                {
                    "name": "Surface-1",
                    "id": 0,
                    "position": {
                        "x": 0.14054709672927857,
                        "y": -0.019362330436706544,
                        "z": 0.1760805994272232
                    },
                    "rotation": {
                        "x": 0.5972253680229187,
                        "y": 0.619988203048706,
                        "z": -0.2979663908481598,
                        "w": -0.4124956429004669
                    },
                    "scale": {
                        "x": 0.41753849387168887,
                        "y": 0.14296606183052064,
                        "z": 0.0010000000474974514
                    }
                },
                {
                    "name": "Surface-2",
                    "id": 0,
                    "position": {
                        "x": -0.1476297825574875,
                        "y": 0.0015140771865844727,
                        "z": -0.1854138821363449
                    },
                    "rotation": {
                        "x": 0.6944020986557007,
                        "y": 0.7191466689109802,
                        "z": 0.015548290684819222,
                        "w": -0.01980256661772728
                    },
                    "scale": {
                        "x": 0.42541220784187319,
                        "y": 0.1804785579442978,
                        "z": 0.0010000000474974514
                    }
                },
                {
                    "name": "Surface-3",
                    "id": 0,
                    "position": {
                        "x": 0.0018068018835037947,
                        "y": 0.25153887271881106,
                        "z": 0.026103034615516664
                    },
                    "rotation": {
                        "x": -0.17631565034389497,
                        "y": 0.8046573996543884,
                        "z": 0.42647451162338259,
                        "w": 0.3735758364200592
                    },
                    "scale": {
                        "x": 0.39622095227241518,
                        "y": 0.15801994502544404,
                        "z": 0.0010000000474974514
                    }
                }
            ]
        },
        {
            "name": "Env-NewAutomaticEnv",
            "containers": [
                {
                    "name": "keyboard plane",
                    "id": 0,
                    "position": {
                        "x": 0.12277712672948837,
                        "y": 0.6406304836273193,
                        "z": 0.30224528908729555
                    },
                    "rotation": {
                        "x": -0.7360021471977234,
                        "y": 0.07646159827709198,
                        "z": 0.11812794953584671,
                        "w": 0.6621937155723572
                    },
                    "scale": {
                        "x": 0.3260101079940796,
                        "y": 0.12143369019031525,
                        "z": 0.0010000000474974514
                    }
                }
            ]
        }
    ]
}